{
  "model": "gpt-oss-20b",
  "num_experts": 32,
  "top_k": 4,
  "num_layers": 24,
  "n_test_processed": 620,
  "n_skipped": 0,
  "uncertainty_median": 7.99289906370511e-05,
  "group_sizes": {
    "confident_nonsyco": 258,
    "confident_syco": 74,
    "uncertain_nonsyco": 170,
    "uncertain_syco": 118
  },
  "js_divergence_per_layer": {
    "conf_vs_unc": [
      0.000223,
      0.000722,
      0.000533,
      0.000532,
      0.001473,
      0.00079,
      0.000546,
      0.000777,
      0.000828,
      0.000583,
      0.000792,
      0.001143,
      0.001552,
      0.001255,
      0.000741,
      0.001048,
      0.000826,
      0.000366,
      0.000393,
      0.000519,
      0.000515,
      0.000575,
      0.00056,
      0.000455
    ],
    "syco_vs_nonsyco": [
      0.000316,
      0.000359,
      0.000411,
      0.000809,
      0.001197,
      0.001045,
      0.000718,
      0.000572,
      0.001088,
      0.000862,
      0.001486,
      0.001852,
      0.002491,
      0.001693,
      0.000963,
      0.001065,
      0.001439,
      0.0007,
      0.000988,
      0.000814,
      0.001048,
      0.001082,
      0.000412,
      0.0006
    ]
  },
  "jaccard_top8_per_layer": {
    "conf_vs_unc": [
      1.0,
      1.0,
      1.0,
      1.0,
      0.7778,
      1.0,
      1.0,
      1.0,
      0.7778,
      0.7778,
      1.0,
      1.0,
      1.0,
      1.0,
      1.0,
      0.7778,
      0.7778,
      0.7778,
      1.0,
      1.0,
      1.0,
      1.0,
      0.7778,
      1.0
    ],
    "syco_vs_nonsyco": [
      1.0,
      1.0,
      1.0,
      1.0,
      0.7778,
      1.0,
      1.0,
      1.0,
      0.7778,
      1.0,
      1.0,
      1.0,
      0.7778,
      1.0,
      1.0,
      1.0,
      0.7778,
      0.7778,
      0.7778,
      0.7778,
      1.0,
      1.0,
      0.7778,
      1.0
    ]
  },
  "mean_js_conf_vs_unc": 0.00074,
  "mean_js_syco_vs_nonsyco": 0.001,
  "mean_jaccard_conf_vs_unc": 0.9352,
  "mean_jaccard_syco_vs_nonsyco": 0.9259,
  "mean_routing_entropy": {
    "confident_nonsyco": 2.7338,
    "confident_syco": 2.7169,
    "uncertain_nonsyco": 2.727,
    "uncertain_syco": 2.7232
  }
}